{
  "arrays": {
    "warehouses": {
      "fields": [
        { "name": "whs_ID", "type": "int", "nullable": false },
        { "name": "whs_Code", "type": "string", "nullable": false },
        { "name": "whs_Name", "type": "string", "nullable": false },
        { "name": "whs_Address", "type": "string", "nullable": true },
        { "name": "whs_Active", "type": "bool", "nullable": false }
      ]
    },
    "stockOwners": {
      "fields": [
        { "name": "own_ID", "type": "int", "nullable": false },
        { "name": "own_Code", "type": "string", "nullable": false },
        { "name": "own_Name", "type": "string", "nullable": false },
        { "name": "own_Active", "type": "bool", "nullable": false }
      ]
    },
    "customers": {
      "fields": [
        { "name": "cus_ID", "type": "int", "nullable": false },
        { "name": "cus_Code", "type": "string", "nullable": false },
        { "name": "cus_Name", "type": "string", "nullable": false },
        { "name": "cus_Email", "type": "string", "nullable": true },
        { "name": "cus_Phone", "type": "string", "nullable": true },
        { "name": "cus_Address", "type": "string", "nullable": true },
        { "name": "cus_Active", "type": "bool", "nullable": false },
        { "name": "cus_CreatedDate", "type": "datetime", "nullable": false }
      ]
    },
    "items": {
      "fields": [
        { "name": "prd_ID", "type": "int", "nullable": false },
        { "name": "prd_Code", "type": "string", "nullable": false },
        { "name": "prd_Name", "type": "string", "nullable": false },
        { "name": "prd_Description", "type": "string", "nullable": true },
        { "name": "prd_UnitPrice", "type": "decimal", "nullable": false },
        { "name": "prd_Active", "type": "bool", "nullable": false }
      ]
    },
    "stockItems": {
      "fields": [
        { "name": "prd_ID", "type": "int", "nullable": false },
        { "name": "prd_Code", "type": "string", "nullable": false },
        { "name": "prd_Barcode", "type": "string", "nullable": true },
        { "name": "prd_Weight", "type": "decimal", "nullable": true },
        { "name": "prd_Volume", "type": "decimal", "nullable": true },
        { "name": "prd_StockLevel", "type": "int", "nullable": false }
      ]
    },
    "stockDetail": {
      "fields": [
        { "name": "stc_ID", "type": "int", "nullable": false },
        { "name": "stc_SSCC", "type": "string", "nullable": false },
        { "name": "stc_ProductID", "type": "int", "nullable": false },
        { "name": "stc_WarehouseID", "type": "int", "nullable": false },
        { "name": "stc_Quantity", "type": "int", "nullable": false },
        { "name": "stc_Location", "type": "string", "nullable": true },
        { "name": "SSCCEntryDate", "type": "datetime", "nullable": false },
        { "name": "stc_ExpiryDate", "type": "datetime", "nullable": true }
      ]
    },
    "inventoryMovements": {
      "fields": [
        { "name": "rct_ID", "type": "int", "nullable": false },
        { "name": "rct_Code", "type": "string", "nullable": false },
        { "name": "rct_Type", "type": "string", "nullable": false },
        { "name": "rct_ProductID", "type": "int", "nullable": false },
        { "name": "rct_WarehouseID", "type": "int", "nullable": false },
        { "name": "rct_Quantity", "type": "int", "nullable": false },
        { "name": "rct_InputDate", "type": "datetime", "nullable": false },
        { "name": "rct_Reference", "type": "string", "nullable": true }
      ]
    }
  }
}
